sale_id,customer_id,product,quantity,unit_price,sale_date
1,89,Notebook,5,419.42,2025-06-26 19:59:01.049266
2,34,Notebook,3,3261.6,2026-07-07 19:59:01.049314
3,18,Teclado,2,225.02,2025-12-25 19:59:01.049328
4,12,Teclado,5,4959.47,2026-02-07 19:59:01.049338
5,73,Mouse,5,1512.1,2026-05-05 19:59:01.049349
6,51,Teclado,4,4539.81,2026-02-05 19:59:01.049359
7,12,Monitor,4,1285.84,2025-06-11 19:59:01.049368
8,53,Notebook,1,4273.99,2026-03-14 19:59:01.049378
9,46,Monitor,4,1228.39,2025-10-10 19:59:01.049387
10,25,Monitor,1,4477.24,2025-04-30 19:59:01.049397
11,73,Mouse,1,2742.0,2024-11-20 19:59:01.049407
12,25,Headset,2,2036.95,2025-06-10 19:59:01.049417
13,43,Headset,2,1107.43,2026-05-11 19:59:01.049426
14,30,Monitor,1,2651.11,2026-04-07 19:59:01.049437
15,89,Headset,2,3805.9,2024-12-21 19:59:01.049446
16,77,Mouse,4,2009.12,2025-05-30 19:59:01.049455
17,85,Notebook,5,3950.16,2025-04-28 19:59:01.049465
18,100,Teclado,2,3639.44,2025-02-03 19:59:01.049475
19,25,Headset,3,147.16,2025-04-26 19:59:01.049484
20,67,Mouse,1,3331.73,2024-11-25 19:59:01.049494
21,55,Monitor,1,2262.67,2025-05-01 19:59:01.049504
22,47,Teclado,1,4699.63,2025-11-30 19:59:01.049514
23,30,Headset,3,2005.56,2024-11-06 19:59:01.049523
24,69,Notebook,1,4740.49,2026-05-18 19:59:01.049533
25,69,Mouse,1,2217.08,2025-08-15 19:59:01.049543
26,85,Headset,2,2384.17,2024-09-30 19:59:01.049560
27,86,Headset,1,4306.98,2025-11-29 19:59:01.049570
28,22,Monitor,3,4105.13,2026-01-27 19:59:01.049580
29,7,Monitor,1,4267.13,2026-06-26 19:59:01.049590
30,79,Headset,3,848.34,2025-11-20 19:59:01.049600
31,59,Headset,5,3174.36,2026-06-26 19:59:01.049609
32,52,Headset,2,1122.2,2026-04-10 19:59:01.049619
33,84,Teclado,3,1913.73,2024-10-30 19:59:01.049629
34,23,Teclado,2,3087.23,2025-03-17 19:59:01.049639
35,28,Notebook,4,3428.14,2024-12-09 19:59:01.049649
36,47,Headset,1,499.66,2025-02-12 19:59:01.049658
37,7,Notebook,5,4531.64,2026-02-03 19:59:01.049667
38,12,Teclado,4,322.86,2026-07-07 19:59:01.049677
39,30,Notebook,3,639.99,2025-11-10 19:59:01.049687
40,3,Mouse,1,1694.09,2026-02-17 19:59:01.049697
41,81,Teclado,2,2027.67,2024-10-20 19:59:01.049706
42,31,Headset,2,1619.63,2025-05-07 19:59:01.049716
43,25,Teclado,4,1413.92,2025-11-15 19:59:01.049725
44,25,Notebook,5,783.67,2025-12-08 19:59:01.049735
45,5,Teclado,4,132.05,2025-11-30 19:59:01.049744
46,33,Notebook,4,3081.36,2026-06-19 19:59:01.049753
47,52,Monitor,2,531.99,2026-09-06 19:59:01.049763
48,62,Monitor,5,504.38,2025-05-13 19:59:01.049772
49,32,Headset,2,2674.23,2024-10-11 19:59:01.049782
50,36,Notebook,3,1505.98,2025-01-12 19:59:01.049792
51,84,Notebook,5,4617.51,2026-06-06 19:59:01.049802
52,51,Headset,5,4959.0,2025-09-03 19:59:01.049811
53,78,Headset,2,212.66,2025-09-04 19:59:01.049821
54,53,Notebook,4,4282.95,2025-01-20 19:59:01.049830
55,13,Headset,2,3350.96,2025-02-05 19:59:01.049840
56,66,Mouse,4,4671.79,2024-09-28 19:59:01.049849
57,20,Monitor,5,4018.04,2025-01-30 19:59:01.049859
58,11,Monitor,1,3829.97,2026-01-05 19:59:01.049868
59,82,Headset,2,1577.31,2024-12-15 19:59:01.049878
60,60,Notebook,1,1588.68,2025-12-10 19:59:01.049888
61,29,Headset,5,1687.9,2026-07-27 19:59:01.049898
62,42,Monitor,1,3727.31,2024-11-25 19:59:01.049907
63,10,Monitor,4,1352.88,2025-07-13 19:59:01.049917
64,46,Notebook,3,824.99,2026-04-12 19:59:01.049926
65,38,Teclado,2,1351.37,2025-08-20 19:59:01.049937
66,88,Teclado,1,1928.16,2024-09-13 19:59:01.049947
67,14,Headset,4,2390.36,2026-03-06 19:59:01.049957
68,84,Monitor,2,4729.35,2026-01-06 19:59:01.049970
69,72,Monitor,5,2664.79,2025-02-21 19:59:01.049980
70,11,Monitor,5,786.09,2026-07-21 19:59:01.049990
71,6,Mouse,1,2088.21,2026-07-01 19:59:01.049999
72,88,Headset,3,3243.35,2025-04-10 19:59:01.050009
73,2,Teclado,1,1046.39,2025-11-13 19:59:01.050018
74,58,Mouse,3,120.62,2026-03-28 19:59:01.050028
75,14,Monitor,5,3187.16,2026-04-11 19:59:01.050037
76,74,Mouse,4,1604.12,2026-07-12 19:59:01.050047
77,85,Headset,1,1922.97,2025-05-18 19:59:01.050059
78,57,Teclado,4,3320.97,2025-12-02 19:59:01.050069
79,83,Teclado,2,829.37,2025-12-22 19:59:01.050079
80,59,Mouse,3,1535.06,2026-07-25 19:59:01.050088
81,15,Headset,3,2040.96,2026-06-27 19:59:01.050098
82,69,Monitor,1,1701.44,2026-08-28 19:59:01.050108
83,95,Monitor,2,427.2,2025-12-15 19:59:01.050118
84,79,Notebook,4,2918.18,2024-11-09 19:59:01.050127
85,34,Monitor,3,316.11,2025-01-03 19:59:01.050137
86,32,Mouse,3,1718.11,2026-04-21 19:59:01.050146
87,60,Monitor,3,2313.23,2024-10-12 19:59:01.050156
88,24,Mouse,3,884.12,2026-01-23 19:59:01.050176
89,66,Mouse,5,131.9,2025-03-31 19:59:01.050186
90,100,Notebook,2,2294.63,2025-10-31 19:59:01.050196
91,33,Teclado,4,4482.02,2025-01-27 19:59:01.050205
92,81,Monitor,5,380.46,2026-01-03 19:59:01.050215
93,10,Headset,4,1072.07,2024-11-12 19:59:01.050225
94,61,Notebook,3,1844.41,2024-12-18 19:59:01.050235
95,79,Teclado,5,2796.9,2026-08-23 19:59:01.050244
96,80,Monitor,4,688.59,2025-05-12 19:59:01.050254
97,43,Headset,5,2161.52,2025-11-05 19:59:01.050263
98,33,Headset,3,81.18,2025-04-01 19:59:01.050273
99,65,Notebook,1,1223.68,2025-10-27 19:59:01.050282
100,68,Teclado,3,125.95,2025-02-05 19:59:01.050292
101,50,Mouse,3,706.64,2024-12-23 19:59:01.050301
102,15,Monitor,5,1780.52,2025-10-05 19:59:01.050311
103,62,Monitor,1,1100.92,2025-12-24 19:59:01.050321
104,73,Headset,2,4052.28,2025-06-14 19:59:01.050330
105,79,Headset,1,498.14,2026-05-14 19:59:01.050340
106,65,Mouse,1,3666.57,2024-11-23 19:59:01.050349
107,22,Headset,3,2984.53,2025-03-04 19:59:01.050359
108,88,Monitor,1,1937.41,2026-05-26 19:59:01.050368
109,9,Mouse,2,4399.89,2024-10-04 19:59:01.050379
110,86,Teclado,2,4854.69,2025-02-15 19:59:01.050393
111,5,Teclado,3,3103.89,2026-07-21 19:59:01.050402
112,7,Headset,5,316.59,2024-10-20 19:59:01.050412
113,81,Headset,1,2127.12,2025-03-11 19:59:01.050422
114,67,Notebook,1,4920.6,2025-08-22 19:59:01.050431
115,30,Teclado,3,1953.37,2026-01-02 19:59:01.050441
116,11,Mouse,3,3992.69,2025-12-09 19:59:01.050451
117,86,Monitor,2,2235.06,2026-01-13 19:59:01.050460
118,39,Notebook,1,3893.76,2025-05-05 19:59:01.050470
119,30,Headset,1,4726.3,2025-04-30 19:59:01.050480
120,17,Teclado,2,4584.15,2025-06-09 19:59:01.050489
121,15,Headset,1,2498.05,2025-10-15 19:59:01.050499
122,8,Teclado,5,3529.06,2026-07-05 19:59:01.050509
123,76,Teclado,2,3040.48,2026-02-22 19:59:01.050519
124,92,Monitor,2,2415.79,2025-04-17 19:59:01.050528
125,23,Mouse,4,2843.12,2025-03-01 19:59:01.050538
126,98,Teclado,2,1571.65,2025-02-20 19:59:01.050548
127,70,Teclado,4,2768.79,2025-07-20 19:59:01.050557
128,91,Mouse,3,1896.35,2025-05-22 19:59:01.050567
129,72,Notebook,1,409.57,2026-08-03 19:59:01.050578
130,73,Headset,3,3481.37,2025-12-04 19:59:01.050587
131,39,Teclado,1,4921.71,2025-11-16 19:59:01.050596
132,87,Mouse,2,1765.52,2025-03-06 19:59:01.050605
133,79,Monitor,3,4692.58,2025-04-16 19:59:01.050615
134,11,Mouse,3,2690.98,2025-11-23 19:59:01.050624
135,50,Monitor,1,1499.82,2025-06-05 19:59:01.050634
136,28,Headset,2,4331.72,2025-12-22 19:59:01.050643
137,29,Headset,5,2258.74,2026-01-02 19:59:01.050653
138,46,Mouse,5,325.09,2026-08-17 19:59:01.050663
139,93,Mouse,2,3986.11,2025-08-10 19:59:01.050672
140,11,Notebook,3,3920.27,2026-05-20 19:59:01.050682
141,1,Notebook,5,1548.56,2024-09-19 19:59:01.050691
142,82,Teclado,2,638.3,2024-12-28 19:59:01.050701
143,21,Headset,5,1750.87,2026-04-10 19:59:01.050711
144,19,Mouse,1,2138.65,2025-07-24 19:59:01.050720
145,21,Notebook,3,2680.81,2024-10-04 19:59:01.050730
146,14,Headset,1,3631.41,2026-09-07 19:59:01.050739
147,45,Notebook,4,3123.73,2025-09-21 19:59:01.050749
148,59,Mouse,1,4469.79,2026-02-23 19:59:01.050759
149,98,Teclado,1,2686.51,2026-05-06 19:59:01.050769
150,46,Mouse,2,2880.16,2024-12-20 19:59:01.050778
151,10,Mouse,3,4636.88,2025-09-19 19:59:01.050788
152,61,Mouse,1,275.66,2025-03-13 19:59:01.050798
153,75,Headset,1,1147.82,2024-10-10 19:59:01.050811
154,29,Monitor,4,3918.62,2026-05-16 19:59:01.050820
155,20,Teclado,2,2876.51,2024-12-21 19:59:01.050830
156,6,Teclado,1,1978.41,2025-06-11 19:59:01.050839
157,7,Teclado,3,3488.22,2024-11-30 19:59:01.050849
158,26,Mouse,2,378.35,2026-05-01 19:59:01.050859
159,82,Monitor,2,4759.3,2025-10-08 19:59:01.051014
160,69,Headset,1,4495.14,2026-06-18 19:59:01.051028
161,100,Mouse,4,4130.6,2025-10-03 19:59:01.051038
162,85,Mouse,3,506.88,2026-06-28 19:59:01.051048
163,12,Mouse,2,535.97,2026-05-15 19:59:01.051057
164,85,Mouse,3,2836.66,2025-01-24 19:59:01.051067
165,72,Teclado,3,2860.33,2025-04-09 19:59:01.051077
166,3,Notebook,5,1356.32,2024-12-14 19:59:01.051086
167,62,Monitor,2,4813.96,2026-06-18 19:59:01.051095
168,70,Teclado,3,2197.92,2025-12-01 19:59:01.051105
169,34,Monitor,2,1534.73,2024-11-13 19:59:01.051115
170,55,Mouse,4,2145.03,2026-01-20 19:59:01.051124
171,44,Teclado,2,2905.34,2024-10-20 19:59:01.051134
172,85,Mouse,3,3907.64,2026-08-22 19:59:01.051144
173,23,Monitor,1,776.86,2026-03-25 19:59:01.051153
174,93,Teclado,2,3386.34,2025-09-14 19:59:01.051163
175,10,Monitor,3,1106.77,2024-12-14 19:59:01.051173
176,77,Monitor,1,1747.85,2026-07-22 19:59:01.051183
177,25,Mouse,1,2779.05,2024-12-27 19:59:01.051192
178,68,Mouse,5,371.03,2025-01-29 19:59:01.051202
179,99,Monitor,4,4987.64,2025-08-25 19:59:01.051211
180,36,Teclado,2,3302.97,2024-12-05 19:59:01.051221
181,19,Headset,2,4120.62,2026-02-16 19:59:01.051230
182,5,Notebook,4,2432.35,2025-10-25 19:59:01.051240
183,63,Mouse,2,2776.42,2025-02-18 19:59:01.051250
184,20,Monitor,4,2878.49,2025-07-23 19:59:01.051260
185,47,Monitor,2,2220.35,2025-05-23 19:59:01.051270
186,36,Teclado,2,2526.85,2024-12-16 19:59:01.051279
187,94,Headset,3,1941.05,2025-04-02 19:59:01.051289
188,31,Teclado,2,2583.77,2026-06-04 19:59:01.051298
189,99,Headset,2,2171.53,2026-01-09 19:59:01.051308
190,39,Monitor,5,3778.76,2025-08-02 19:59:01.051318
191,52,Notebook,5,1855.81,2025-09-05 19:59:01.051327
192,3,Mouse,4,4550.63,2025-08-07 19:59:01.051337
193,54,Monitor,5,3897.64,2026-03-13 19:59:01.051346
194,18,Teclado,5,4154.61,2026-08-02 19:59:01.051356
195,78,Teclado,1,3499.94,2026-07-20 19:59:01.051365
196,15,Headset,5,2494.91,2024-09-17 19:59:01.051375
197,100,Mouse,1,1108.8,2024-10-25 19:59:01.051384
198,25,Notebook,3,205.09,2026-01-21 19:59:01.051394
199,50,Headset,4,2323.74,2026-05-11 19:59:01.051404
200,79,Mouse,2,4128.98,2024-10-19 19:59:01.051413
201,14,Monitor,5,3808.87,2025-05-08 19:59:01.051423
202,48,Monitor,2,4241.5,2025-06-12 19:59:01.051433
203,28,Notebook,2,4690.82,2025-10-28 19:59:01.051443
204,57,Notebook,5,1014.97,2024-11-13 19:59:01.051452
205,25,Monitor,3,3847.74,2025-04-20 19:59:01.051462
206,17,Headset,3,1566.22,2025-01-06 19:59:01.051472
207,17,Notebook,1,2045.78,2026-02-04 19:59:01.051481
208,31,Monitor,2,2602.32,2025-02-25 19:59:01.051491
209,48,Headset,1,3854.78,2025-06-08 19:59:01.051500
210,44,Teclado,4,2691.9,2026-02-14 19:59:01.051510
211,70,Teclado,5,1649.94,2025-11-17 19:59:01.051520
212,44,Headset,2,1226.79,2026-05-29 19:59:01.051530
213,53,Monitor,5,3247.43,2025-10-24 19:59:01.051539
214,45,Monitor,3,2162.61,2026-02-15 19:59:01.051548
215,44,Headset,3,1301.75,2025-03-17 19:59:01.051558
216,48,Mouse,3,1270.82,2026-01-28 19:59:01.051568
217,65,Monitor,5,463.12,2024-09-30 19:59:01.051577
218,83,Monitor,3,2230.04,2024-09-22 19:59:01.051587
219,51,Mouse,3,815.6,2026-08-17 19:59:01.051597
220,65,Headset,2,1946.75,2025-09-25 19:59:01.051606
221,32,Mouse,1,3632.95,2024-09-13 19:59:01.051616
222,49,Headset,3,2426.12,2024-12-21 19:59:01.051625
223,28,Monitor,1,88.34,2026-04-04 19:59:01.051635
224,52,Notebook,5,678.21,2024-11-05 19:59:01.051646
225,30,Headset,1,1701.04,2026-03-20 19:59:01.051655
226,12,Monitor,4,4552.97,2026-07-09 19:59:01.051664
227,9,Mouse,5,1193.06,2025-06-08 19:59:01.051674
228,77,Notebook,1,377.32,2026-03-11 19:59:01.051684
229,9,Notebook,4,1055.6,2025-05-24 19:59:01.051694
230,98,Notebook,5,4264.43,2024-10-02 19:59:01.051703
231,75,Teclado,1,340.07,2025-12-07 19:59:01.051714
232,65,Teclado,2,621.12,2024-11-25 19:59:01.051723
233,65,Mouse,5,4214.63,2025-10-31 19:59:01.051733
234,44,Monitor,3,2209.15,2026-03-23 19:59:01.051742
235,25,Mouse,1,4983.85,2025-10-05 19:59:01.051752
236,18,Headset,3,1544.63,2025-11-30 19:59:01.051763
237,23,Monitor,5,3190.11,2026-09-01 19:59:01.051773
238,27,Headset,4,2477.91,2026-07-30 19:59:01.051784
239,63,Mouse,2,1682.72,2024-10-17 19:59:01.051794
240,84,Notebook,2,3807.06,2025-08-23 19:59:01.051803
241,7,Monitor,4,3337.78,2024-09-14 19:59:01.051813
242,28,Monitor,4,1111.02,2025-09-18 19:59:01.051823
243,32,Monitor,1,1055.87,2025-05-02 19:59:01.051832
244,64,Headset,4,934.39,2025-02-16 19:59:01.051842
245,1,Monitor,5,1632.04,2025-11-11 19:59:01.051851
246,82,Monitor,5,3245.64,2025-06-25 19:59:01.051861
247,5,Monitor,2,1490.56,2025-08-19 19:59:01.051871
248,73,Headset,2,4871.54,2026-07-26 19:59:01.051881
249,65,Mouse,3,4695.65,2026-06-29 19:59:01.051891
250,96,Notebook,3,1832.68,2025-09-27 19:59:01.051900
251,79,Headset,5,2199.41,2025-06-24 19:59:01.051910
252,52,Teclado,1,1834.22,2025-03-21 19:59:01.051921
253,21,Headset,4,3479.34,2026-02-14 19:59:01.051931
254,85,Notebook,1,2681.3,2026-06-26 19:59:01.051940
255,4,Teclado,3,4742.79,2026-02-24 19:59:01.051950
256,46,Mouse,2,3122.66,2025-03-22 19:59:01.051959
257,19,Mouse,1,968.81,2026-05-17 19:59:01.051969
258,32,Headset,3,860.07,2025-02-07 19:59:01.051980
259,60,Mouse,3,4344.27,2025-09-16 19:59:01.051990
260,84,Notebook,1,280.0,2024-11-20 19:59:01.052000
261,49,Notebook,2,4219.5,2026-02-18 19:59:01.052010
262,52,Mouse,2,4377.42,2025-09-02 19:59:01.052020
263,18,Monitor,2,3157.28,2025-09-30 19:59:01.052029
264,48,Monitor,4,2559.52,2025-08-21 19:59:01.052039
265,8,Monitor,3,3460.08,2026-07-14 19:59:01.052049
266,12,Mouse,5,4384.87,2025-11-07 19:59:01.052058
267,8,Notebook,4,4671.62,2025-08-20 19:59:01.052068
268,15,Headset,4,939.58,2026-04-24 19:59:01.052078
269,33,Mouse,1,1007.79,2025-08-02 19:59:01.052088
270,92,Notebook,5,4137.36,2024-10-15 19:59:01.052098
271,77,Monitor,4,4901.9,2026-03-19 19:59:01.052107
272,24,Headset,3,4015.67,2025-05-04 19:59:01.052116
273,82,Mouse,5,1730.78,2025-01-27 19:59:01.052126
274,77,Monitor,1,1525.16,2025-04-03 19:59:01.052136
275,41,Teclado,3,1848.56,2026-01-02 19:59:01.052146
276,24,Headset,4,4528.05,2025-05-21 19:59:01.052155
277,40,Headset,1,4276.96,2026-01-26 19:59:01.052165
278,97,Mouse,1,1091.97,2025-09-05 19:59:01.052181
279,77,Headset,2,2492.92,2026-04-01 19:59:01.052191
280,51,Headset,4,1112.34,2025-04-18 19:59:01.052201
281,64,Notebook,4,3985.6,2026-05-12 19:59:01.052210
282,19,Teclado,1,4759.36,2025-09-16 19:59:01.052220
283,7,Monitor,5,3513.48,2026-08-18 19:59:01.052230
284,26,Teclado,1,1404.64,2026-01-22 19:59:01.052239
285,21,Teclado,4,2052.51,2025-02-20 19:59:01.052249
286,84,Teclado,4,4999.79,2024-10-17 19:59:01.052258
287,9,Headset,4,4377.1,2026-06-18 19:59:01.052268
288,69,Headset,5,3823.03,2025-05-12 19:59:01.052278
289,7,Mouse,4,2852.5,2026-01-07 19:59:01.052288
290,73,Headset,4,3532.49,2025-11-09 19:59:01.052297
291,34,Notebook,2,3503.12,2025-09-17 19:59:01.052307
292,26,Monitor,1,3379.47,2026-03-07 19:59:01.052318
293,82,Notebook,3,2541.45,2026-05-03 19:59:01.052327
294,53,Notebook,4,4522.19,2026-08-07 19:59:01.052337
295,76,Notebook,3,4143.91,2025-09-04 19:59:01.052347
296,74,Teclado,3,2638.46,2025-09-02 19:59:01.052357
297,4,Teclado,2,3911.34,2026-01-19 19:59:01.052366
298,25,Mouse,2,1071.19,2025-03-07 19:59:01.052375
299,40,Monitor,5,1494.36,2025-12-19 19:59:01.052385
300,34,Teclado,3,4040.24,2024-12-22 19:59:01.052395
301,73,Mouse,4,445.36,2025-01-05 19:59:01.052405
302,96,Monitor,1,1391.85,2025-09-11 19:59:01.052414
303,26,Teclado,2,1287.11,2025-10-04 19:59:01.052424
304,12,Monitor,3,3221.95,2026-06-14 19:59:01.052434
305,62,Mouse,5,1495.36,2026-07-21 19:59:01.052443
306,96,Headset,4,273.98,2026-06-14 19:59:01.052453
307,42,Monitor,3,4070.54,2025-07-26 19:59:01.052463
308,60,Notebook,5,171.12,2024-09-16 19:59:01.052473
309,27,Headset,1,3970.48,2025-07-21 19:59:01.052482
310,52,Mouse,4,1865.55,2024-10-01 19:59:01.052492
311,89,Headset,3,3165.96,2025-07-09 19:59:01.052501
312,44,Teclado,3,2724.0,2026-05-26 19:59:01.052511
313,6,Headset,2,894.68,2024-09-20 19:59:01.052521
314,43,Headset,2,371.19,2026-04-14 19:59:01.052530
315,26,Monitor,1,724.4,2026-08-11 19:59:01.052540
316,67,Teclado,3,952.98,2025-09-16 19:59:01.052598
317,39,Headset,1,4090.86,2025-06-19 19:59:01.052609
318,83,Teclado,4,4998.92,2025-10-31 19:59:01.052619
319,8,Notebook,1,2245.17,2025-11-10 19:59:01.052629
320,44,Headset,1,1063.03,2025-02-28 19:59:01.052640
321,13,Headset,1,1850.31,2026-08-13 19:59:01.052650
322,99,Teclado,3,2986.58,2026-04-04 19:59:01.052659
323,7,Mouse,1,4737.92,2025-06-28 19:59:01.052669
324,75,Teclado,3,2127.61,2025-11-13 19:59:01.052679
325,39,Mouse,2,4134.33,2026-03-29 19:59:01.052688
326,24,Notebook,3,847.64,2026-06-28 19:59:01.052698
327,5,Mouse,1,614.96,2026-05-15 19:59:01.052708
328,31,Monitor,1,1192.13,2025-07-23 19:59:01.052718
329,64,Mouse,1,4846.64,2025-05-30 19:59:01.052727
330,14,Notebook,5,1752.09,2026-04-02 19:59:01.052736
331,98,Monitor,4,4981.16,2025-03-31 19:59:01.052746
332,77,Teclado,4,2188.49,2025-11-06 19:59:01.052756
333,11,Teclado,1,763.32,2026-07-09 19:59:01.052766
334,32,Headset,2,3168.43,2025-01-24 19:59:01.052776
335,3,Headset,3,2668.45,2025-10-28 19:59:01.052786
336,80,Mouse,3,2010.95,2026-05-07 19:59:01.052795
337,3,Headset,5,343.84,2026-06-24 19:59:01.052805
338,13,Notebook,3,3008.12,2024-12-09 19:59:01.052815
339,60,Headset,3,2247.63,2025-01-19 19:59:01.052825
340,79,Mouse,2,1566.74,2024-11-08 19:59:01.052835
341,96,Monitor,3,3367.55,2025-11-08 19:59:01.052845
342,53,Notebook,3,3252.07,2025-04-20 19:59:01.052854
343,86,Headset,2,3200.83,2025-03-24 19:59:01.052865
344,2,Headset,5,3600.01,2025-01-30 19:59:01.052873
345,83,Monitor,1,4434.62,2026-02-06 19:59:01.052882
346,83,Monitor,2,51.68,2026-03-22 19:59:01.052892
347,94,Notebook,5,4134.31,2024-12-06 19:59:01.052901
348,57,Notebook,3,3976.75,2026-07-18 19:59:01.052911
349,97,Notebook,3,694.8,2024-11-04 19:59:01.052921
350,44,Headset,1,2134.02,2025-07-03 19:59:01.052931
351,58,Mouse,3,977.14,2026-06-16 19:59:01.052940
352,70,Notebook,4,3451.32,2026-06-30 19:59:01.052950
353,19,Monitor,4,4028.22,2026-04-12 19:59:01.052960
354,34,Mouse,3,600.11,2026-07-24 19:59:01.052970
355,55,Mouse,1,2672.91,2025-08-02 19:59:01.052980
356,33,Teclado,4,4961.94,2025-07-14 19:59:01.052989
357,25,Monitor,3,3361.46,2026-05-03 19:59:01.052999
358,66,Mouse,2,1494.88,2025-03-01 19:59:01.053009
359,78,Teclado,4,1228.23,2026-07-06 19:59:01.053019
360,62,Teclado,2,271.52,2025-04-15 19:59:01.053028
361,51,Monitor,3,4884.2,2025-01-26 19:59:01.053038
362,45,Headset,1,4122.61,2026-03-23 19:59:01.053048
363,59,Mouse,4,1280.3,2025-02-24 19:59:01.053057
364,93,Monitor,3,569.78,2025-11-07 19:59:01.053066
365,45,Headset,2,2049.99,2026-08-09 19:59:01.053076
366,76,Monitor,3,1203.66,2026-07-30 19:59:01.053086
367,67,Mouse,5,3271.24,2024-12-28 19:59:01.053095
368,91,Monitor,4,1611.8,2025-05-24 19:59:01.053105
369,48,Mouse,2,2029.12,2026-08-12 19:59:01.053115
370,68,Monitor,5,1790.88,2026-03-11 19:59:01.053125
371,3,Mouse,1,3321.58,2024-11-17 19:59:01.053134
372,52,Mouse,4,2286.92,2026-03-20 19:59:01.053143
373,44,Headset,4,3649.92,2025-04-22 19:59:01.053153
374,8,Headset,2,4821.4,2025-07-06 19:59:01.053163
375,92,Mouse,1,2198.8,2026-07-01 19:59:01.053172
376,6,Monitor,2,998.45,2024-10-02 19:59:01.053182
377,9,Teclado,2,4260.75,2025-07-06 19:59:01.053191
378,64,Monitor,4,1682.54,2026-06-14 19:59:01.053201
379,54,Monitor,3,3695.8,2026-03-13 19:59:01.053211
380,96,Headset,3,4500.8,2026-04-12 19:59:01.053221
381,96,Headset,4,1212.94,2024-11-01 19:59:01.053231
382,73,Mouse,2,336.95,2026-05-18 19:59:01.053241
383,66,Notebook,3,2628.21,2026-08-08 19:59:01.053251
384,99,Mouse,4,1130.77,2024-12-21 19:59:01.053260
385,3,Mouse,5,727.85,2026-03-19 19:59:01.053270
386,4,Teclado,1,4113.83,2025-09-29 19:59:01.053280
387,32,Headset,5,100.61,2025-04-17 19:59:01.053289
388,26,Mouse,1,3793.39,2026-06-23 19:59:01.053299
389,87,Mouse,2,2252.45,2025-12-26 19:59:01.053309
390,40,Teclado,2,411.58,2025-04-23 19:59:01.053318
391,99,Teclado,4,4951.93,2025-02-19 19:59:01.053328
392,90,Notebook,1,601.27,2025-07-26 19:59:01.053338
393,15,Notebook,1,2419.81,2026-02-06 19:59:01.053349
394,14,Monitor,4,3522.2,2026-03-14 19:59:01.053359
395,3,Monitor,4,4828.23,2025-10-26 19:59:01.053369
396,14,Teclado,5,417.6,2026-02-19 19:59:01.053379
397,2,Mouse,1,203.95,2026-01-17 19:59:01.053389
398,13,Monitor,4,4169.57,2026-01-22 19:59:01.053400
399,80,Notebook,2,2964.17,2025-03-22 19:59:01.053410
400,73,Teclado,1,253.31,2025-06-08 19:59:01.053419
401,13,Headset,1,4973.1,2025-11-25 19:59:01.053429
402,61,Teclado,4,962.6,2025-05-15 19:59:01.053439
403,27,Monitor,2,459.57,2024-10-18 19:59:01.053449
404,62,Mouse,1,709.27,2025-10-05 19:59:01.053458
405,26,Teclado,3,2700.83,2024-12-27 19:59:01.053468
406,84,Headset,1,2106.9,2026-04-21 19:59:01.053478
407,35,Monitor,1,2461.03,2026-04-29 19:59:01.053487
408,100,Mouse,4,2158.55,2026-01-05 19:59:01.053497
409,50,Monitor,1,730.6,2025-04-29 19:59:01.053507
410,9,Monitor,2,4945.06,2024-11-15 19:59:01.053517
411,53,Notebook,1,4498.41,2026-05-04 19:59:01.053526
412,1,Teclado,2,3863.62,2025-10-09 19:59:01.053536
413,88,Monitor,4,3264.9,2025-08-04 19:59:01.053546
414,77,Mouse,2,3303.61,2025-02-04 19:59:01.053555
415,54,Notebook,1,1100.81,2026-05-01 19:59:01.053565
416,67,Notebook,3,4758.5,2025-08-30 19:59:01.053575
417,29,Notebook,2,1610.71,2026-06-03 19:59:01.053584
418,48,Teclado,2,2027.65,2026-08-24 19:59:01.053594
419,4,Notebook,2,1901.62,2026-01-23 19:59:01.053604
420,14,Monitor,3,3509.54,2025-09-17 19:59:01.053613
421,55,Teclado,4,1782.29,2025-11-19 19:59:01.053623
422,28,Headset,2,3766.49,2026-05-27 19:59:01.053633
423,47,Monitor,3,4338.24,2024-10-26 19:59:01.053642
424,72,Headset,1,1576.25,2025-05-26 19:59:01.053652
425,59,Monitor,4,4209.37,2026-06-08 19:59:01.053662
426,90,Mouse,1,787.62,2025-06-19 19:59:01.053672
427,48,Teclado,4,4764.37,2024-12-30 19:59:01.053681
428,95,Mouse,3,2147.98,2025-01-21 19:59:01.053691
429,45,Headset,2,445.38,2024-12-07 19:59:01.053701
430,67,Teclado,5,262.74,2024-11-05 19:59:01.053711
431,81,Mouse,4,1950.01,2025-05-03 19:59:01.053720
432,2,Notebook,5,4384.47,2025-02-14 19:59:01.053730
433,35,Headset,2,2686.08,2024-09-14 19:59:01.053740
434,27,Mouse,1,3006.58,2026-03-05 19:59:01.053749
435,100,Monitor,3,1789.69,2025-12-12 19:59:01.053759
436,72,Teclado,5,1383.73,2025-12-13 19:59:01.053768
437,80,Headset,1,310.77,2025-06-22 19:59:01.053778
438,89,Monitor,2,988.16,2026-09-06 19:59:01.053788
439,75,Headset,3,1079.9,2025-01-26 19:59:01.053798
440,74,Notebook,4,1425.54,2026-03-24 19:59:01.053807
441,10,Headset,4,3138.81,2025-08-21 19:59:01.053817
442,92,Notebook,2,337.93,2026-08-03 19:59:01.053827
443,30,Monitor,1,2263.55,2025-10-06 19:59:01.053836
444,47,Mouse,1,4576.4,2024-09-14 19:59:01.053846
445,14,Teclado,5,2631.19,2025-02-24 19:59:01.053856
446,16,Monitor,5,2695.95,2024-10-15 19:59:01.053866
447,87,Teclado,2,1875.44,2026-04-26 19:59:01.053875
448,34,Mouse,3,3090.87,2026-07-08 19:59:01.053884
449,1,Notebook,3,759.67,2025-06-16 19:59:01.053894
450,83,Monitor,5,2352.34,2025-05-17 19:59:01.053904
451,24,Mouse,5,244.59,2025-04-05 19:59:01.053914
452,8,Teclado,3,371.32,2025-08-09 19:59:01.053923
453,98,Monitor,5,4673.65,2024-11-08 19:59:01.053933
454,91,Notebook,2,1067.11,2024-10-25 19:59:01.053943
455,35,Notebook,3,4570.8,2026-04-26 19:59:01.053953
456,49,Monitor,4,2162.68,2025-10-13 19:59:01.053962
457,59,Teclado,3,954.55,2026-07-15 19:59:01.053972
458,49,Headset,4,4979.61,2026-05-27 19:59:01.053982
459,45,Notebook,2,4330.78,2025-04-06 19:59:01.053992
460,99,Headset,3,3540.18,2026-06-12 19:59:01.054001
461,64,Notebook,5,4496.08,2025-09-30 19:59:01.054011
462,26,Notebook,4,785.24,2024-10-01 19:59:01.054021
463,92,Headset,3,4905.21,2026-07-30 19:59:01.054030
464,6,Monitor,2,229.0,2026-06-01 19:59:01.054040
465,1,Headset,1,1328.48,2025-09-15 19:59:01.054050
466,97,Notebook,1,4227.46,2025-06-13 19:59:01.054060
467,33,Headset,1,3077.15,2026-07-11 19:59:01.054070
468,74,Notebook,1,2761.47,2025-12-13 19:59:01.054080
469,83,Monitor,3,917.54,2025-12-05 19:59:01.054090
470,91,Headset,2,3196.82,2026-08-06 19:59:01.054100
471,22,Monitor,5,2232.67,2026-05-29 19:59:01.054109
472,4,Teclado,3,3920.24,2025-02-24 19:59:01.054119
473,26,Headset,5,4335.55,2025-09-10 19:59:01.054148
474,1,Headset,5,3648.8,2026-08-04 19:59:01.054158
475,49,Teclado,2,438.59,2025-10-19 19:59:01.054168
476,27,Monitor,4,1700.06,2026-03-28 19:59:01.054183
477,27,Mouse,5,510.63,2025-12-13 19:59:01.054193
478,21,Notebook,4,1535.48,2024-11-14 19:59:01.054204
479,33,Notebook,4,1647.85,2025-06-04 19:59:01.054214
480,56,Monitor,1,937.63,2026-01-22 19:59:01.054224
481,44,Headset,5,175.15,2025-10-14 19:59:01.054234
482,77,Teclado,5,2057.9,2025-07-30 19:59:01.054244
483,87,Notebook,4,3135.79,2026-07-19 19:59:01.054253
484,70,Monitor,2,3609.13,2025-01-06 19:59:01.054263
485,61,Headset,5,1946.36,2024-12-17 19:59:01.054273
486,77,Monitor,5,3458.57,2025-06-27 19:59:01.054283
487,87,Monitor,3,4857.63,2025-04-02 19:59:01.054293
488,54,Monitor,1,2084.67,2026-04-07 19:59:01.054302
489,28,Notebook,4,2849.52,2025-01-06 19:59:01.054312
490,79,Notebook,5,526.97,2024-11-14 19:59:01.054322
491,94,Headset,4,348.64,2026-07-15 19:59:01.054332
492,45,Monitor,4,397.81,2025-11-24 19:59:01.054342
493,35,Teclado,4,1294.29,2026-06-26 19:59:01.054352
494,77,Mouse,5,4446.95,2025-01-10 19:59:01.054361
495,13,Notebook,1,479.28,2025-10-28 19:59:01.054371
496,24,Monitor,3,358.8,2025-05-11 19:59:01.054381
497,11,Headset,1,1854.78,2024-11-18 19:59:01.054390
498,12,Headset,5,3916.96,2024-11-13 19:59:01.054400
499,70,Notebook,2,1665.31,2025-12-17 19:59:01.054410
500,72,Teclado,2,1374.85,2025-09-13 19:59:01.054419
501,92,Mouse,4,2663.39,2026-03-18 19:59:01.054429
502,34,Headset,5,699.65,2024-11-02 19:59:01.054438
503,95,Monitor,1,3811.98,2026-03-25 19:59:01.054449
504,51,Notebook,5,1083.88,2025-04-13 19:59:01.054459
505,14,Notebook,2,4157.89,2026-06-09 19:59:01.054469
506,13,Teclado,2,1646.3,2026-02-16 19:59:01.054479
507,90,Monitor,2,3980.97,2025-12-26 19:59:01.054488
508,21,Monitor,1,2940.93,2025-10-14 19:59:01.054498
509,40,Teclado,3,4840.45,2025-11-23 19:59:01.054508
510,35,Headset,4,2136.06,2026-05-07 19:59:01.054517
511,17,Notebook,2,1209.06,2026-09-05 19:59:01.054527
512,69,Headset,2,2082.55,2026-04-07 19:59:01.054536
513,44,Monitor,4,3540.58,2026-08-04 19:59:01.054547
514,77,Monitor,5,4857.09,2025-07-07 19:59:01.054556
515,42,Headset,5,1729.83,2026-02-04 19:59:01.054566
516,1,Teclado,5,2342.48,2025-07-10 19:59:01.054576
517,40,Headset,2,2300.83,2024-11-23 19:59:01.054585
518,49,Headset,3,3542.8,2026-03-16 19:59:01.054595
519,45,Mouse,5,2344.49,2024-09-22 19:59:01.054605
520,93,Monitor,5,2344.65,2025-04-18 19:59:01.054614
521,97,Notebook,5,2764.15,2026-08-06 19:59:01.054624
522,5,Monitor,5,1243.97,2026-04-21 19:59:01.054634
523,76,Mouse,1,1154.47,2024-09-16 19:59:01.054644
524,33,Monitor,2,1088.08,2026-05-01 19:59:01.054653
525,88,Teclado,5,2273.43,2025-01-08 19:59:01.054663
526,67,Notebook,5,3125.14,2026-05-18 19:59:01.054673
527,83,Teclado,3,4837.4,2025-08-27 19:59:01.054683
528,79,Mouse,5,1850.97,2025-12-09 19:59:01.054692
529,21,Headset,3,142.72,2025-05-18 19:59:01.054702
530,37,Notebook,1,4086.19,2026-02-27 19:59:01.054711
531,69,Teclado,1,4314.77,2026-07-10 19:59:01.054721
532,12,Teclado,4,77.96,2025-12-25 19:59:01.054731
533,68,Mouse,2,4429.53,2026-06-18 19:59:01.054740
534,49,Headset,5,2717.56,2025-01-24 19:59:01.054750
535,24,Teclado,2,4221.34,2026-04-22 19:59:01.054759
536,61,Headset,1,1706.5,2024-10-24 19:59:01.054769
537,64,Headset,5,62.12,2025-07-20 19:59:01.054779
538,15,Notebook,5,2191.1,2024-10-15 19:59:01.054789
539,17,Headset,4,2862.74,2025-10-15 19:59:01.054799
540,24,Monitor,1,64.5,2025-11-28 19:59:01.054809
541,39,Notebook,3,4164.86,2026-01-08 19:59:01.054818
542,72,Teclado,5,166.83,2026-04-17 19:59:01.054828
543,62,Notebook,1,3946.09,2025-07-14 19:59:01.054838
544,87,Headset,4,4271.94,2025-02-24 19:59:01.054848
545,70,Notebook,2,3371.69,2024-09-27 19:59:01.054857
546,40,Notebook,4,3678.39,2026-06-28 19:59:01.054867
547,24,Teclado,2,2151.88,2025-06-24 19:59:01.054876
548,46,Headset,1,1052.2,2026-03-12 19:59:01.054893
549,26,Monitor,4,3397.95,2025-01-15 19:59:01.054902
550,73,Mouse,2,2106.14,2024-09-11 19:59:01.054913
551,52,Teclado,4,3691.3,2025-02-24 19:59:01.054922
552,24,Mouse,2,4215.75,2025-08-17 19:59:01.054932
553,66,Mouse,5,3167.03,2026-02-28 19:59:01.054942
554,95,Mouse,2,2663.15,2025-01-27 19:59:01.054951
555,25,Monitor,5,4405.39,2025-01-11 19:59:01.054961
556,96,Headset,3,1958.99,2026-06-05 19:59:01.054972
557,6,Monitor,3,4642.21,2026-01-24 19:59:01.054981
558,47,Mouse,3,244.94,2025-03-01 19:59:01.054991
559,93,Monitor,5,3595.2,2025-10-10 19:59:01.055000
560,45,Monitor,4,2449.02,2025-06-17 19:59:01.055010
561,7,Headset,3,3812.24,2024-09-23 19:59:01.055020
562,51,Mouse,1,2234.18,2024-12-20 19:59:01.055030
563,75,Teclado,3,1590.91,2026-02-23 19:59:01.055039
564,30,Teclado,1,4646.36,2025-08-14 19:59:01.055049
565,80,Notebook,1,4559.21,2025-01-31 19:59:01.055059
566,53,Mouse,5,1425.06,2026-02-28 19:59:01.055069
567,67,Headset,4,369.51,2024-12-25 19:59:01.055079
568,47,Notebook,3,4457.02,2025-03-26 19:59:01.055089
569,47,Notebook,1,3991.82,2026-08-03 19:59:01.055098
570,23,Monitor,2,1133.34,2026-07-08 19:59:01.055108
571,97,Teclado,1,4218.67,2026-09-04 19:59:01.055117
572,63,Mouse,1,2802.32,2024-12-29 19:59:01.055127
573,83,Teclado,5,4486.49,2026-06-29 19:59:01.055137
574,59,Teclado,3,638.65,2025-11-17 19:59:01.055146
575,23,Mouse,3,3264.54,2025-04-10 19:59:01.055155
576,59,Teclado,1,2392.4,2025-12-26 19:59:01.055165
577,32,Notebook,1,1620.14,2025-05-05 19:59:01.055175
578,92,Teclado,1,968.16,2025-10-07 19:59:01.055185
579,92,Monitor,3,2809.29,2026-02-09 19:59:01.055194
580,16,Headset,3,4434.91,2025-05-19 19:59:01.055204
581,26,Teclado,3,1767.77,2025-06-18 19:59:01.055214
582,58,Headset,3,663.16,2025-07-02 19:59:01.055224
583,10,Headset,2,3968.22,2026-07-27 19:59:01.055233
584,30,Headset,3,165.44,2026-05-22 19:59:01.055243
585,90,Teclado,4,786.36,2026-01-04 19:59:01.055253
586,64,Monitor,4,4139.44,2024-10-03 19:59:01.055262
587,20,Notebook,2,2515.4,2026-06-16 19:59:01.055272
588,63,Mouse,4,4144.11,2026-05-06 19:59:01.055282
589,95,Mouse,1,3084.02,2026-08-11 19:59:01.055291
590,39,Mouse,5,2363.84,2025-03-02 19:59:01.055301
591,90,Teclado,1,2273.68,2026-02-14 19:59:01.055310
592,29,Headset,4,4307.75,2025-04-01 19:59:01.055320
593,94,Notebook,1,4871.18,2026-02-13 19:59:01.055330
594,1,Teclado,1,1852.87,2025-11-15 19:59:01.055340
595,12,Monitor,3,4654.09,2025-05-08 19:59:01.055349
596,76,Headset,1,2850.95,2024-10-25 19:59:01.055359
597,94,Mouse,4,4081.77,2025-08-28 19:59:01.055368
598,57,Monitor,2,3394.47,2025-04-28 19:59:01.055378
599,65,Teclado,1,4770.4,2025-10-23 19:59:01.055388
600,2,Monitor,4,1196.56,2025-05-21 19:59:01.055397
601,54,Teclado,5,278.21,2025-05-06 19:59:01.055407
602,100,Mouse,1,1178.15,2024-09-16 19:59:01.055417
603,49,Headset,3,3458.35,2026-03-06 19:59:01.055426
604,26,Teclado,1,421.15,2024-12-28 19:59:01.055436
605,9,Monitor,1,3463.78,2026-02-14 19:59:01.055446
606,74,Mouse,1,2162.64,2025-05-18 19:59:01.055455
607,2,Notebook,5,2330.45,2026-04-16 19:59:01.055465
608,75,Headset,3,1636.35,2026-07-19 19:59:01.055474
609,12,Mouse,5,3452.5,2026-04-08 19:59:01.055484
610,88,Teclado,5,3237.11,2024-10-29 19:59:01.055494
611,14,Headset,1,2773.38,2025-11-09 19:59:01.055504
612,72,Headset,1,4735.33,2024-12-22 19:59:01.055513
613,89,Monitor,1,345.04,2026-05-08 19:59:01.055523
614,47,Monitor,2,3642.53,2024-10-09 19:59:01.055532
615,84,Headset,2,1746.1,2026-05-26 19:59:01.055542
616,76,Monitor,5,1128.25,2025-04-03 19:59:01.055551
617,54,Teclado,4,579.09,2025-05-20 19:59:01.055561
618,97,Monitor,1,2770.43,2025-03-13 19:59:01.055570
619,86,Mouse,4,1579.34,2025-07-05 19:59:01.055580
620,29,Mouse,2,4741.59,2024-10-31 19:59:01.055590
621,24,Monitor,2,2293.7,2026-05-05 19:59:01.055599
622,60,Mouse,5,2404.08,2026-04-21 19:59:01.055609
623,32,Monitor,4,1567.48,2025-08-08 19:59:01.055619
624,8,Teclado,1,4118.93,2026-01-18 19:59:01.055628
625,25,Notebook,1,1446.72,2024-10-02 19:59:01.055638
626,61,Headset,1,389.96,2026-05-26 19:59:01.055648
627,92,Headset,1,4502.11,2026-03-30 19:59:01.055658
628,18,Mouse,4,1236.63,2026-06-23 19:59:01.055667
629,29,Notebook,2,2754.76,2024-10-03 19:59:01.055677
630,96,Monitor,4,3515.47,2025-01-17 19:59:01.055727
631,31,Mouse,3,1018.48,2025-10-29 19:59:01.055738
632,100,Notebook,4,363.38,2025-11-23 19:59:01.055748
633,20,Monitor,4,2619.58,2025-10-25 19:59:01.055758
634,25,Teclado,5,2606.9,2024-11-08 19:59:01.055768
635,21,Notebook,5,3013.13,2025-12-12 19:59:01.055778
636,48,Monitor,3,3412.98,2025-01-17 19:59:01.055788
637,41,Teclado,3,1009.65,2025-06-04 19:59:01.055799
638,63,Notebook,5,1544.54,2026-08-30 19:59:01.055808
639,54,Headset,2,1716.67,2026-07-23 19:59:01.055818
640,82,Mouse,1,146.92,2026-03-23 19:59:01.055828
641,82,Headset,2,2672.03,2026-03-04 19:59:01.055838
642,69,Mouse,1,2900.48,2026-07-30 19:59:01.055848
643,38,Headset,1,3723.05,2024-09-16 19:59:01.055858
644,64,Monitor,2,538.33,2025-03-26 19:59:01.055868
645,11,Teclado,5,871.67,2025-08-27 19:59:01.055877
646,99,Mouse,2,3933.52,2025-05-01 19:59:01.055887
647,32,Notebook,3,3704.27,2024-12-13 19:59:01.055898
648,36,Teclado,5,3292.45,2025-05-14 19:59:01.055907
649,37,Notebook,4,813.22,2026-04-12 19:59:01.055918
650,2,Monitor,4,3819.87,2025-02-18 19:59:01.055927
651,71,Notebook,2,2800.47,2025-05-16 19:59:01.055937
652,93,Headset,5,4587.31,2025-05-03 19:59:01.055947
653,4,Teclado,4,2766.42,2025-07-21 19:59:01.055957
654,62,Mouse,5,3603.56,2025-06-22 19:59:01.055966
655,3,Monitor,5,145.13,2026-06-02 19:59:01.055976
656,82,Mouse,4,495.94,2026-02-16 19:59:01.055986
657,79,Monitor,4,1574.74,2025-01-27 19:59:01.055995
658,12,Monitor,2,4710.11,2024-11-02 19:59:01.056005
659,2,Teclado,1,3424.51,2024-11-09 19:59:01.056015
660,63,Notebook,5,4675.03,2026-03-31 19:59:01.056025
661,52,Monitor,3,2101.71,2025-06-29 19:59:01.056035
662,12,Monitor,2,3708.82,2025-12-28 19:59:01.056045
663,63,Monitor,5,4952.24,2025-03-29 19:59:01.056055
664,58,Mouse,2,1370.44,2026-06-05 19:59:01.056065
665,4,Mouse,5,2300.68,2026-03-23 19:59:01.056075
666,86,Mouse,3,228.35,2026-07-26 19:59:01.056084
667,73,Mouse,3,1371.53,2026-01-25 19:59:01.056094
668,46,Mouse,1,1739.48,2024-12-06 19:59:01.056103
669,72,Monitor,4,2956.07,2026-02-06 19:59:01.056113
670,34,Teclado,5,396.74,2025-12-15 19:59:01.056123
671,44,Mouse,4,4145.26,2026-05-22 19:59:01.056132
672,37,Teclado,2,829.54,2025-07-28 19:59:01.056142
673,85,Monitor,5,1062.15,2026-02-04 19:59:01.056152
674,79,Teclado,1,949.5,2024-10-12 19:59:01.056162
675,30,Mouse,2,3455.13,2025-08-30 19:59:01.056171
676,15,Notebook,4,3232.36,2026-01-30 19:59:01.056200
677,83,Monitor,3,4772.14,2026-03-19 19:59:01.056210
678,16,Notebook,1,4628.48,2025-07-30 19:59:01.056220
679,37,Notebook,5,4926.33,2026-08-26 19:59:01.056230
680,21,Notebook,2,725.46,2024-10-25 19:59:01.056240
681,48,Teclado,3,2296.98,2026-01-25 19:59:01.056250
682,62,Teclado,3,3194.73,2025-03-13 19:59:01.056260
683,71,Monitor,2,2631.53,2025-06-19 19:59:01.056270
684,83,Notebook,1,3595.13,2025-08-13 19:59:01.056280
685,51,Mouse,2,3645.42,2025-01-10 19:59:01.056290
686,97,Notebook,4,3715.31,2025-01-23 19:59:01.056300
687,58,Headset,3,1983.5,2026-01-11 19:59:01.056310
688,38,Monitor,3,606.33,2025-10-20 19:59:01.056319
689,44,Teclado,4,490.64,2025-02-27 19:59:01.056329
690,20,Monitor,4,2167.63,2026-08-22 19:59:01.056339
691,78,Teclado,2,3095.78,2026-07-05 19:59:01.056349
692,17,Monitor,2,3300.53,2025-01-01 19:59:01.056358
693,86,Headset,1,1808.09,2025-11-04 19:59:01.056368
694,19,Teclado,2,1848.46,2025-02-20 19:59:01.056378
695,32,Monitor,5,4542.69,2025-11-06 19:59:01.056389
696,94,Teclado,3,2326.69,2025-02-03 19:59:01.056398
697,73,Teclado,5,1828.19,2025-12-31 19:59:01.056408
698,91,Teclado,4,101.81,2026-06-15 19:59:01.056418
699,99,Mouse,5,1148.01,2024-10-25 19:59:01.056428
700,91,Headset,3,2694.29,2025-07-04 19:59:01.056437
701,80,Teclado,3,73.66,2025-11-01 19:59:01.056447
702,91,Teclado,5,2682.3,2026-01-30 19:59:01.056456
703,54,Notebook,5,573.94,2026-01-06 19:59:01.056466
704,11,Headset,2,3407.74,2024-10-06 19:59:01.056475
705,28,Mouse,4,4300.18,2025-08-08 19:59:01.056485
706,59,Headset,5,1674.47,2025-06-26 19:59:01.056495
707,82,Notebook,3,2102.62,2025-01-01 19:59:01.056505
708,36,Mouse,4,3211.04,2026-07-14 19:59:01.056515
709,66,Mouse,5,577.89,2026-02-21 19:59:01.056525
710,69,Mouse,5,1528.5,2024-12-13 19:59:01.056535
711,69,Notebook,2,2215.57,2026-05-02 19:59:01.056545
712,76,Mouse,4,2506.11,2024-10-25 19:59:01.056569
713,14,Teclado,4,1630.74,2024-10-08 19:59:01.056596
714,9,Mouse,2,3685.03,2025-03-20 19:59:01.056604
715,53,Monitor,2,3478.93,2026-08-29 19:59:01.056610
716,6,Headset,5,4418.51,2026-02-13 19:59:01.056615
717,26,Notebook,5,4640.9,2024-11-16 19:59:01.056621
718,12,Mouse,1,2059.61,2025-04-10 19:59:01.056627
719,56,Mouse,5,1275.4,2026-02-17 19:59:01.056632
720,66,Teclado,3,794.89,2026-07-02 19:59:01.056637
721,23,Headset,1,602.27,2026-08-16 19:59:01.056642
722,57,Mouse,3,3433.59,2025-08-09 19:59:01.056647
723,26,Monitor,1,3453.37,2025-03-21 19:59:01.056655
724,40,Headset,1,1252.28,2025-11-08 19:59:01.056660
725,51,Mouse,2,3995.94,2024-11-02 19:59:01.056665
726,82,Notebook,1,1085.4,2026-02-16 19:59:01.056670
727,17,Headset,3,952.54,2026-02-22 19:59:01.056675
728,76,Teclado,1,3167.4,2025-03-09 19:59:01.056680
729,4,Monitor,3,2820.07,2025-06-28 19:59:01.056685
730,83,Headset,4,3513.52,2026-02-01 19:59:01.056690
731,46,Teclado,3,435.75,2025-01-01 19:59:01.056695
732,31,Headset,4,4357.69,2025-02-14 19:59:01.056701
733,7,Notebook,5,2410.37,2025-02-12 19:59:01.056706
734,63,Teclado,2,619.14,2025-04-07 19:59:01.056711
735,28,Teclado,1,4056.82,2026-03-24 19:59:01.056716
736,21,Notebook,1,1481.2,2025-03-26 19:59:01.056721
737,37,Notebook,3,3607.25,2026-08-18 19:59:01.056726
738,43,Monitor,5,61.32,2026-01-14 19:59:01.056731
739,19,Mouse,3,1093.26,2025-11-20 19:59:01.056737
740,78,Notebook,2,1314.22,2025-07-25 19:59:01.056742
741,41,Monitor,1,4353.68,2025-02-13 19:59:01.056747
742,94,Teclado,2,1391.01,2025-07-20 19:59:01.056752
743,61,Notebook,4,2614.19,2026-01-13 19:59:01.056757
744,18,Teclado,2,64.17,2025-04-01 19:59:01.056762
745,58,Teclado,4,4278.54,2025-07-11 19:59:01.056767
746,78,Monitor,5,1551.04,2026-01-25 19:59:01.056772
747,2,Monitor,3,2899.94,2025-12-23 19:59:01.056777
748,24,Monitor,5,489.47,2024-12-12 19:59:01.056782
749,67,Notebook,1,4698.8,2025-01-22 19:59:01.056787
750,90,Notebook,1,3129.22,2025-10-31 19:59:01.056791
751,53,Notebook,4,881.43,2025-04-30 19:59:01.056796
752,1,Notebook,1,2208.6,2024-11-09 19:59:01.056801
753,87,Teclado,3,894.78,2025-09-03 19:59:01.056806
754,34,Teclado,3,283.63,2026-08-04 19:59:01.056811
755,86,Headset,5,4762.98,2024-10-31 19:59:01.056816
756,18,Headset,4,832.43,2026-02-14 19:59:01.056821
757,55,Teclado,3,2860.33,2025-04-29 19:59:01.056826
758,51,Monitor,1,2467.73,2026-02-24 19:59:01.056831
759,89,Notebook,4,4745.95,2026-05-28 19:59:01.056836
760,6,Mouse,3,4962.88,2025-10-28 19:59:01.056841
761,66,Teclado,5,3428.86,2025-12-28 19:59:01.056846
762,38,Notebook,2,991.18,2025-07-01 19:59:01.056851
763,63,Notebook,5,1531.93,2025-08-08 19:59:01.056856
764,47,Notebook,5,1569.99,2025-01-02 19:59:01.056861
765,2,Mouse,1,3250.14,2025-12-04 19:59:01.056866
766,52,Headset,2,2675.13,2025-03-25 19:59:01.056871
767,5,Mouse,4,4217.96,2025-06-28 19:59:01.056876
768,38,Notebook,3,2237.7,2025-04-29 19:59:01.056881
769,35,Headset,4,241.47,2025-02-26 19:59:01.056886
770,60,Monitor,5,2699.59,2026-08-08 19:59:01.056891
771,85,Mouse,5,4218.9,2026-02-04 19:59:01.056896
772,35,Mouse,5,1382.36,2025-03-26 19:59:01.056901
773,77,Headset,5,1183.22,2025-12-10 19:59:01.056906
774,87,Teclado,1,582.46,2026-01-01 19:59:01.056910
775,10,Notebook,4,1396.17,2025-12-27 19:59:01.056915
776,46,Notebook,4,3876.93,2026-08-01 19:59:01.056920
777,49,Headset,1,2312.13,2024-12-30 19:59:01.056925
778,72,Teclado,3,4998.72,2024-10-11 19:59:01.056930
779,96,Monitor,5,1299.04,2024-12-27 19:59:01.056936
780,95,Teclado,1,3414.73,2024-12-18 19:59:01.056940
781,74,Headset,4,413.49,2026-03-14 19:59:01.056945
782,30,Monitor,1,3740.32,2024-12-03 19:59:01.056950
783,95,Teclado,1,3693.48,2026-08-31 19:59:01.056955
784,21,Headset,3,4697.74,2025-07-10 19:59:01.056960
785,85,Monitor,4,472.54,2025-07-11 19:59:01.056965
786,27,Notebook,1,1346.89,2025-08-13 19:59:01.056970
787,66,Mouse,1,823.27,2025-06-14 19:59:01.056999
788,51,Notebook,3,4244.66,2024-11-23 19:59:01.057005
789,58,Headset,5,4375.58,2024-11-13 19:59:01.057010
790,30,Notebook,5,4435.88,2026-04-22 19:59:01.057015
791,71,Teclado,2,2411.15,2024-12-12 19:59:01.057021
792,67,Mouse,4,976.4,2025-09-05 19:59:01.057026
793,36,Mouse,4,4695.92,2024-10-26 19:59:01.057031
794,61,Monitor,1,3985.87,2025-07-06 19:59:01.057036
795,99,Notebook,3,3366.56,2025-09-13 19:59:01.057041
796,46,Teclado,4,3500.73,2025-07-27 19:59:01.057046
797,82,Monitor,1,2902.12,2025-01-09 19:59:01.057051
798,51,Notebook,1,4908.51,2026-01-31 19:59:01.057056
799,80,Monitor,1,394.96,2025-09-02 19:59:01.057061
800,50,Mouse,3,368.46,2025-04-18 19:59:01.057066
801,89,Monitor,5,688.9,2025-04-05 19:59:01.057071
802,68,Headset,5,3530.41,2024-12-28 19:59:01.057076
803,34,Teclado,4,4299.56,2025-01-07 19:59:01.057081
804,44,Monitor,4,3279.52,2026-07-16 19:59:01.057086
805,22,Monitor,3,1998.53,2025-03-16 19:59:01.057091
806,25,Headset,2,889.89,2025-12-15 19:59:01.057096
807,51,Notebook,4,4766.37,2025-11-11 19:59:01.057101
808,44,Monitor,2,2776.19,2026-04-07 19:59:01.057106
809,60,Notebook,1,1834.09,2026-03-11 19:59:01.057110
810,62,Headset,1,735.08,2026-07-12 19:59:01.057115
811,73,Headset,1,1628.77,2026-06-04 19:59:01.057120
812,2,Monitor,4,3949.11,2025-11-27 19:59:01.057126
813,85,Notebook,3,3353.52,2025-03-10 19:59:01.057131
814,33,Monitor,1,3423.16,2025-08-04 19:59:01.057136
815,80,Mouse,3,3190.12,2024-12-03 19:59:01.057141
816,57,Teclado,4,3314.82,2026-06-22 19:59:01.057145
817,96,Mouse,1,3158.65,2025-01-16 19:59:01.057150
818,3,Mouse,4,183.63,2026-01-22 19:59:01.057156
819,84,Headset,2,220.72,2026-03-02 19:59:01.057161
820,91,Notebook,1,771.37,2025-02-08 19:59:01.057166
821,26,Notebook,4,1368.35,2025-06-22 19:59:01.057171
822,12,Monitor,1,176.7,2025-11-05 19:59:01.057181
823,96,Headset,4,1280.96,2026-01-05 19:59:01.057186
824,26,Teclado,4,1265.58,2025-12-11 19:59:01.057191
825,29,Notebook,4,1377.46,2025-05-11 19:59:01.057196
826,38,Monitor,1,4914.58,2025-07-14 19:59:01.057201
827,68,Notebook,1,3361.26,2024-09-22 19:59:01.057205
828,76,Monitor,5,2199.47,2025-01-19 19:59:01.057210
829,28,Notebook,3,3686.64,2024-12-18 19:59:01.057215
830,65,Teclado,4,1180.72,2025-02-04 19:59:01.057220
831,44,Monitor,2,2004.76,2024-10-03 19:59:01.057225
832,29,Notebook,3,4041.54,2024-11-28 19:59:01.057230
833,71,Teclado,5,1201.53,2025-08-03 19:59:01.057235
834,66,Headset,3,4638.2,2025-05-23 19:59:01.057240
835,10,Teclado,2,852.84,2025-11-22 19:59:01.057245
836,93,Monitor,3,725.56,2024-10-05 19:59:01.057250
837,32,Mouse,5,4239.97,2026-07-04 19:59:01.057255
838,97,Headset,3,3497.74,2025-09-17 19:59:01.057260
839,97,Monitor,2,3998.56,2025-08-07 19:59:01.057265
840,43,Notebook,4,2645.64,2025-03-10 19:59:01.057270
841,31,Monitor,2,2987.1,2024-12-25 19:59:01.057275
842,80,Teclado,3,4228.83,2025-01-02 19:59:01.057280
843,11,Headset,2,3946.88,2025-08-24 19:59:01.057285
844,66,Headset,4,1881.74,2025-12-22 19:59:01.057290
845,42,Monitor,5,2396.55,2024-11-08 19:59:01.057295
846,91,Mouse,2,4615.8,2026-08-13 19:59:01.057300
847,3,Mouse,2,3229.8,2025-01-11 19:59:01.057305
848,5,Notebook,3,1561.49,2026-01-04 19:59:01.057310
849,44,Monitor,5,4705.61,2025-02-15 19:59:01.057315
850,28,Mouse,5,3756.7,2025-12-24 19:59:01.057320
851,22,Mouse,2,4032.92,2024-09-26 19:59:01.057325
852,32,Notebook,4,654.54,2026-04-01 19:59:01.057331
853,52,Monitor,5,4229.78,2024-12-15 19:59:01.057336
854,57,Mouse,4,4759.1,2026-02-19 19:59:01.057341
855,72,Mouse,1,4841.57,2025-02-10 19:59:01.057346
856,28,Headset,4,1926.88,2024-12-16 19:59:01.057350
857,13,Headset,1,3835.51,2024-12-05 19:59:01.057356
858,94,Mouse,1,1059.43,2024-12-24 19:59:01.057361
859,99,Teclado,1,4825.11,2024-11-17 19:59:01.057366
860,35,Monitor,1,2110.27,2025-04-02 19:59:01.057371
861,97,Headset,1,3996.28,2026-05-02 19:59:01.057376
862,53,Headset,3,2201.31,2026-01-30 19:59:01.057381
863,78,Mouse,3,4634.46,2026-03-25 19:59:01.057386
864,51,Mouse,3,2648.02,2024-12-15 19:59:01.057391
865,72,Teclado,1,600.68,2026-09-07 19:59:01.057396
866,95,Mouse,5,1674.31,2025-08-17 19:59:01.057401
867,79,Notebook,4,3388.24,2025-09-21 19:59:01.057406
868,83,Headset,2,1631.49,2025-11-21 19:59:01.057411
869,58,Notebook,3,3922.57,2024-12-23 19:59:01.057416
870,81,Teclado,4,4545.17,2025-09-30 19:59:01.057421
871,56,Monitor,3,2458.59,2025-04-02 19:59:01.057426
872,56,Headset,3,2518.88,2026-02-09 19:59:01.057431
873,77,Headset,3,3986.25,2026-07-21 19:59:01.057436
874,33,Monitor,4,473.43,2026-01-12 19:59:01.057441
875,5,Monitor,4,4766.91,2024-11-13 19:59:01.057446
876,23,Teclado,5,2862.26,2024-10-04 19:59:01.057451
877,24,Mouse,3,1869.42,2024-12-05 19:59:01.057456
878,100,Headset,2,705.23,2025-09-08 19:59:01.057461
879,98,Monitor,2,3376.05,2025-02-01 19:59:01.057466
880,64,Headset,3,3748.26,2024-12-17 19:59:01.057471
881,98,Teclado,5,449.01,2026-06-01 19:59:01.057476
882,42,Monitor,2,4898.59,2026-08-31 19:59:01.057481
883,28,Monitor,1,2082.72,2025-06-21 19:59:01.057486
884,72,Monitor,2,3207.13,2026-06-05 19:59:01.057491
885,67,Monitor,3,1257.85,2025-01-24 19:59:01.057496
886,50,Mouse,1,530.48,2025-12-14 19:59:01.057501
887,33,Monitor,1,3639.76,2024-11-18 19:59:01.057506
888,16,Headset,4,4635.49,2025-01-02 19:59:01.057511
889,1,Headset,2,2135.55,2025-09-29 19:59:01.057516
890,52,Teclado,5,4783.1,2026-08-14 19:59:01.057521
891,97,Headset,3,3251.77,2026-07-14 19:59:01.057526
892,98,Headset,1,3635.51,2026-07-31 19:59:01.057531
893,71,Notebook,3,1900.54,2025-10-29 19:59:01.057536
894,84,Mouse,4,4012.93,2026-05-15 19:59:01.057541
895,56,Notebook,1,1263.15,2025-04-10 19:59:01.057546
896,8,Mouse,4,3312.01,2026-07-24 19:59:01.057551
897,39,Notebook,3,4903.08,2025-04-07 19:59:01.057556
898,3,Mouse,1,4056.59,2025-06-23 19:59:01.057561
899,19,Notebook,2,2600.45,2025-03-23 19:59:01.057566
900,79,Teclado,3,710.86,2026-07-10 19:59:01.057571
901,9,Headset,5,598.35,2026-01-27 19:59:01.057576
902,28,Mouse,2,491.42,2024-10-14 19:59:01.057581
903,73,Notebook,2,2044.93,2026-05-15 19:59:01.057586
904,9,Monitor,5,801.34,2025-07-19 19:59:01.057591
905,91,Mouse,5,4960.98,2024-12-25 19:59:01.057596
906,97,Monitor,2,3166.73,2025-01-20 19:59:01.057601
907,26,Headset,1,1604.86,2024-11-15 19:59:01.057606
908,23,Headset,1,267.88,2025-09-24 19:59:01.057611
909,33,Mouse,2,3681.33,2025-03-10 19:59:01.057616
910,8,Headset,1,4096.12,2024-09-17 19:59:01.057621
911,82,Headset,4,3989.78,2025-08-09 19:59:01.057626
912,33,Mouse,3,3909.11,2025-04-24 19:59:01.057631
913,93,Headset,3,2734.25,2025-02-01 19:59:01.057636
914,1,Monitor,4,4354.55,2025-07-23 19:59:01.057640
915,25,Monitor,5,3812.09,2026-06-11 19:59:01.057645
916,11,Notebook,2,1376.56,2024-11-09 19:59:01.057650
917,30,Mouse,4,1427.83,2025-10-21 19:59:01.057656
918,100,Notebook,4,4969.64,2025-12-08 19:59:01.057660
919,68,Teclado,1,3672.89,2025-05-02 19:59:01.057666
920,76,Headset,2,1422.12,2024-10-06 19:59:01.057670
921,31,Monitor,3,2841.94,2025-04-15 19:59:01.057675
922,88,Monitor,3,3529.44,2025-06-22 19:59:01.057680
923,30,Teclado,3,3870.67,2025-07-14 19:59:01.057685
924,81,Mouse,4,1777.95,2024-10-04 19:59:01.057690
925,59,Monitor,4,3560.45,2025-11-28 19:59:01.057695
926,77,Monitor,3,2012.96,2025-08-19 19:59:01.057700
927,41,Monitor,3,4509.89,2025-09-19 19:59:01.057705
928,82,Teclado,2,4763.27,2025-12-13 19:59:01.057710
929,87,Teclado,5,2579.58,2025-09-01 19:59:01.057715
930,99,Headset,3,4645.92,2026-06-04 19:59:01.057720
931,62,Mouse,5,4347.16,2025-12-27 19:59:01.057725
932,79,Notebook,4,4735.7,2025-02-13 19:59:01.057730
933,5,Notebook,4,558.5,2025-06-11 19:59:01.057734
934,20,Teclado,3,310.89,2025-09-14 19:59:01.057739
935,24,Teclado,1,1193.55,2026-03-10 19:59:01.057744
936,12,Monitor,3,1950.57,2024-11-14 19:59:01.057750
937,25,Monitor,1,2797.34,2026-08-27 19:59:01.057755
938,91,Mouse,2,2836.35,2026-08-07 19:59:01.057759
939,1,Monitor,3,997.79,2026-07-25 19:59:01.057764
940,13,Teclado,1,3551.07,2025-03-13 19:59:01.057769
941,23,Notebook,5,2412.43,2025-09-12 19:59:01.057774
942,96,Mouse,1,2785.47,2025-09-10 19:59:01.057779
943,55,Monitor,4,658.85,2025-10-23 19:59:01.057784
944,76,Monitor,1,695.09,2026-02-26 19:59:01.057825
945,66,Headset,4,3419.56,2024-12-20 19:59:01.057831
946,77,Headset,1,4156.48,2026-05-09 19:59:01.057837
947,89,Mouse,1,1681.36,2025-03-03 19:59:01.057842
948,10,Teclado,3,2984.91,2025-10-17 19:59:01.057847
949,3,Mouse,3,4472.87,2025-07-11 19:59:01.057852
950,94,Headset,4,4661.42,2026-04-13 19:59:01.057858
951,82,Monitor,5,2268.46,2026-04-01 19:59:01.057862
952,82,Teclado,2,2751.32,2026-02-07 19:59:01.057867
953,18,Headset,4,3319.22,2025-11-02 19:59:01.057872
954,37,Teclado,2,3695.14,2025-09-19 19:59:01.057877
955,15,Mouse,1,4701.31,2025-10-15 19:59:01.057882
956,97,Headset,5,4991.75,2025-12-21 19:59:01.057887
957,87,Teclado,2,2960.52,2025-06-25 19:59:01.057892
958,73,Mouse,4,3480.83,2024-11-05 19:59:01.057897
959,44,Teclado,4,4378.07,2024-10-06 19:59:01.057903
960,95,Teclado,5,3489.25,2026-06-21 19:59:01.057908
961,32,Monitor,2,3851.76,2026-06-01 19:59:01.057913
962,25,Headset,4,2562.25,2024-12-14 19:59:01.057918
963,35,Teclado,5,4312.42,2025-12-29 19:59:01.057923
964,78,Teclado,2,3819.16,2025-05-12 19:59:01.057928
965,92,Notebook,1,1851.3,2025-10-17 19:59:01.057933
966,83,Teclado,5,4332.17,2025-06-03 19:59:01.057938
967,13,Notebook,3,4004.86,2026-03-03 19:59:01.057943
968,65,Monitor,1,3376.94,2026-08-18 19:59:01.057948
969,47,Mouse,1,3759.32,2025-08-14 19:59:01.057953
970,28,Mouse,4,1140.9,2025-04-17 19:59:01.057958
971,95,Notebook,5,1315.49,2025-01-29 19:59:01.057963
972,70,Monitor,2,568.17,2025-01-11 19:59:01.057967
973,41,Monitor,1,1988.68,2026-07-26 19:59:01.057972
974,9,Headset,4,229.49,2025-11-09 19:59:01.057977
975,21,Mouse,5,1182.03,2026-07-29 19:59:01.057982
976,11,Headset,2,1698.49,2026-06-25 19:59:01.057987
977,33,Monitor,2,4153.17,2025-11-12 19:59:01.057992
978,15,Mouse,2,1248.72,2026-02-22 19:59:01.057997
979,41,Mouse,3,3935.45,2026-04-14 19:59:01.058002
980,52,Headset,1,1914.47,2025-05-17 19:59:01.058007
981,61,Notebook,4,426.24,2026-02-12 19:59:01.058012
982,9,Teclado,2,2585.76,2024-09-13 19:59:01.058017
983,38,Mouse,3,2502.59,2025-08-11 19:59:01.058022
984,26,Monitor,3,2394.22,2026-06-02 19:59:01.058027
985,48,Mouse,3,297.08,2026-04-22 19:59:01.058032
986,27,Notebook,5,1000.77,2026-05-11 19:59:01.058037
987,67,Notebook,4,617.87,2024-12-04 19:59:01.058042
988,1,Notebook,4,1466.95,2026-03-28 19:59:01.058047
989,48,Notebook,2,2961.86,2026-05-15 19:59:01.058052
990,89,Teclado,4,2062.75,2026-08-25 19:59:01.058057
991,78,Monitor,4,3139.47,2026-02-10 19:59:01.058062
992,47,Monitor,1,1213.14,2025-07-15 19:59:01.058066
993,90,Monitor,1,1439.13,2025-11-15 19:59:01.058072
994,70,Mouse,5,4446.82,2025-10-06 19:59:01.058077
995,52,Mouse,3,540.42,2025-08-20 19:59:01.058081
996,75,Notebook,1,1569.99,2026-05-18 19:59:01.058086
997,60,Monitor,3,1097.25,2025-03-23 19:59:01.058092
998,75,Teclado,5,370.14,2025-12-15 19:59:01.058097
999,100,Mouse,5,1812.92,2026-04-07 19:59:01.058101
1000,26,Headset,2,4621.9,2025-08-26 19:59:01.058107
